airport_id,name,city,country,iata,icao,latitude,longitude,altitude,timezone,dst,tz_database_timezone,type,source,importance
3682,Hartsfield Jackson Atlanta International Airport,Atlanta,United States,ATL,KATL,33.6367,-84.428101,1026,-5,A,America/New_York,airport,OurAirports,0.00926319264702805
3830,Chicago O'Hare International Airport,Chicago,United States,ORD,KORD,41.9786,-87.9048,672,-6,A,America/Chicago,airport,OurAirports,0.005833611663009207
3484,Los Angeles International Airport,Los Angeles,United States,LAX,KLAX,33.94250107,-118.4079971,125,-8,A,America/Los_Angeles,airport,OurAirports,0.005647956632894156
3670,Dallas Fort Worth International Airport,Dallas-Fort Worth,United States,DFW,KDFW,32.896801,-97.038002,607,-6,A,America/Chicago,airport,OurAirports,0.0053566955340733574
507,London Heathrow Airport,London,United Kingdom,LHR,EGLL,51.4706,-0.461941,83,0,E,Europe/London,airport,OurAirports,0.004918672425748893
1382,Charles de Gaulle International Airport,Paris,France,CDG,LFPG,49.012798,2.55,392,1,E,Europe/Paris,airport,OurAirports,0.004918249773044355
3316,Singapore Changi Airport,Singapore,Singapore,SIN,WSSS,1.35019,103.994003,22,8,N,Asia/Singapore,airport,OurAirports,0.004829245948625503
3364,Beijing Capital International Airport,Beijing,China,PEK,ZBAA,40.0801010131836,116.58499908447266,116,8,U,Asia/Shanghai,airport,OurAirports,0.004760422544898451
3751,Denver International Airport,Denver,United States,DEN,KDEN,39.861698150635,-104.672996521,5431,-7,A,America/Denver,airport,OurAirports,0.004738083995883776
340,Frankfurt am Main Airport,Frankfurt,Germany,FRA,EDDF,50.033333,8.570556,364,1,E,Europe/Berlin,airport,OurAirports,0.004488229661730143
3797,John F Kennedy International Airport,New York,United States,JFK,KJFK,40.63980103,-73.77890015,13,-5,A,America/New_York,airport,OurAirports,0.004437631409007825
4029,Domodedovo International Airport,Moscow,Russia,DME,UUDD,55.40879821777344,37.90629959106445,588,3,N,Europe/Moscow,airport,OurAirports,0.004361637204193684
580,Amsterdam Airport Schiphol,Amsterdam,Netherlands,AMS,EHAM,52.308601,4.76389,-11,1,E,Europe/Amsterdam,airport,OurAirports,0.004125911722367719
3576,Miami International Airport,Miami,United States,MIA,KMIA,25.79319953918457,-80.29060363769531,8,-5,A,America/New_York,airport,OurAirports,0.004110858568934912
13696,Istanbul Airport,Istanbul,Turkey,IST,LTFM,41.275278,28.751944,325,3,E,\N,airport,OurAirports,0.004089135598209442
3361,Sydney Kingsford Smith International Airport,Sydney,Australia,SYD,YSSY,-33.94609832763672,151.177001953125,21,10,O,Australia/Sydney,airport,OurAirports,0.004039340611505322
2188,Dubai International Airport,Dubai,United Arab Emirates,DXB,OMDB,25.2527999878,55.3643989563,62,4,U,Asia/Dubai,airport,OurAirports,0.003968545073933644
3406,Shanghai Pudong International Airport,Shanghai,China,PVG,ZSPD,31.143400192260746,121.80500030517578,13,8,U,Asia/Shanghai,airport,OurAirports,0.003696362224183749
3930,Incheon International Airport,Seoul,South Korea,ICN,RKSI,37.46910095214844,126.45099639892578,23,9,U,Asia/Seoul,airport,OurAirports,0.003669973946180884
3885,Suvarnabhumi Airport,Bangkok,Thailand,BKK,VTBS,13.681099891662598,100.74700164794922,5,7,U,Asia/Bangkok,airport,OurAirports,0.0036385611363600957
193,Lester B. Pearson International Airport,Toronto,Canada,YYZ,CYYZ,43.6772003174,-79.63059997559999,569,-5,A,America/Toronto,airport,OurAirports,0.0035299391694726687
3077,Hong Kong International Airport,Hong Kong,Hong Kong,HKG,VHHH,22.308901,113.915001,28,8,U,Asia/Hong_Kong,airport,OurAirports,0.003491540773516287
1218,Barcelona International Airport,Barcelona,Spain,BCN,LEBL,41.2971,2.07846,12,1,E,Europe/Madrid,airport,OurAirports,0.0034428584367578487
2709,El Dorado International Airport,Bogota,Colombia,BOG,SKBO,4.70159,-74.1469,8361,-5,U,America/Bogota,airport,OurAirports,0.003330297500178958
1824,Licenciado Benito Juarez International Airport,Mexico City,Mexico,MEX,MMMX,19.4363,-99.072098,7316,-6,S,America/Mexico_City,airport,OurAirports,0.003256225352495431
3093,Indira Gandhi International Airport,Delhi,India,DEL,VIDP,28.5665,77.103104,777,5.5,N,Asia/Calcutta,airport,OurAirports,0.0032255849189808798
3320,Brisbane International Airport,Brisbane,Australia,BNE,YBBN,-27.38419914245605,153.11700439453125,13,10,N,Australia/Brisbane,airport,OurAirports,0.0032198484696555605
1229,Adolfo Suárez Madrid–Barajas Airport,Madrid,Spain,MAD,LEMD,40.471926,-3.56264,1998,1,E,Europe/Madrid,airport,OurAirports,0.003166099777026519
3876,Charlotte Douglas International Airport,Charlotte,United States,CLT,KCLT,35.2140007019043,-80.94309997558594,748,-5,A,America/New_York,airport,OurAirports,0.003128182203586931
346,Munich Airport,Munich,Germany,MUC,EDDM,48.353802,11.7861,1487,1,E,Europe/Berlin,airport,OurAirports,0.0030864529363218976
2564,Guarulhos - Governador André Franco Montoro International Airport,Sao Paulo,Brazil,GRU,SBGR,-23.435556411743164,-46.47305679321289,2459,-3,S,America/Sao_Paulo,airport,OurAirports,0.003022657585345091
3304,Kuala Lumpur International Airport,Kuala Lumpur,Malaysia,KUL,WMKK,2.745579957962,101.70999908447,69,8,N,Asia/Kuala_Lumpur,airport,OurAirports,0.003015899675905707
813,OR Tambo International Airport,Johannesburg,South Africa,JNB,FAOR,-26.1392,28.246,5558,2,U,Africa/Johannesburg,airport,OurAirports,0.0029871067769711573
502,London Gatwick Airport,London,United Kingdom,LGW,EGKK,51.148102,-0.190278,202,0,E,Europe/London,airport,OurAirports,0.0029749880362087734
2397,Ninoy Aquino International Airport,Manila,Philippines,MNL,RPLL,14.5086,121.019997,75,8,N,Asia/Manila,airport,OurAirports,0.002974686844381622
2279,Narita International Airport,Tokyo,Japan,NRT,RJAA,35.7647018433,140.386001587,141,9,U,Asia/Tokyo,airport,OurAirports,0.002973368777675805
3370,Guangzhou Baiyun International Airport,Guangzhou,China,CAN,ZGGG,23.39240074157715,113.29900360107422,50,8,U,Asia/Shanghai,airport,OurAirports,0.0029241847403290067
1555,Leonardo da Vinci–Fiumicino Airport,Rome,Italy,FCO,LIRF,41.8002778,12.2388889,13,1,E,Europe/Rome,airport,OurAirports,0.00290233141404525
302,Brussels Airport,Brussels,Belgium,BRU,EBBR,50.9014015198,4.48443984985,184,1,E,Europe/Brussels,airport,OurAirports,0.0028873928612200518
3752,Philadelphia International Airport,Philadelphia,United States,PHL,KPHL,39.87189865112305,-75.24109649658203,36,-5,A,America/New_York,airport,OurAirports,0.002868595582368627
3774,Ted Stevens Anchorage International Airport,Anchorage,United States,ANC,PANC,61.17440032958984,-149.99600219726562,152,-9,A,America/Anchorage,airport,OurAirports,0.0027781579391076023
2997,Chhatrapati Shivaji International Airport,Mumbai,India,BOM,VABB,19.0886993408,72.8678970337,39,5.5,N,Asia/Calcutta,airport,OurAirports,0.002746059079866128
3462,Phoenix Sky Harbor International Airport,Phoenix,United States,PHX,KPHX,33.43429946899414,-112.01200103759766,1135,-7,N,America/Phoenix,airport,OurAirports,0.002729141944407137
3877,McCarran International Airport,Las Vegas,United States,LAS,KLAS,36.08010101,-115.1520004,2181,-8,A,America/Los_Angeles,airport,OurAirports,0.002698344522617112
3550,George Bush Intercontinental Houston Airport,Houston,United States,IAH,KIAH,29.984399795532227,-95.34140014648438,97,-6,A,America/Chicago,airport,OurAirports,0.0026862742501823494
1613,Vienna International Airport,Vienna,Austria,VIE,LOWW,48.110298156738,16.569700241089,600,1,E,Europe/Vienna,airport,OurAirports,0.0026408406228274625
3395,Chengdu Shuangliu International Airport,Chengdu,China,CTU,ZUUU,30.578500747680664,103.9469985961914,1625,8,U,Asia/Shanghai,airport,OurAirports,0.00262508162776112
3469,San Francisco International Airport,San Francisco,United States,SFO,KSFO,37.61899948120117,-122.375,13,-8,A,America/Los_Angeles,airport,OurAirports,0.0026116765906582795
478,Manchester Airport,Manchester,United Kingdom,MAN,EGCC,53.35369873046875,-2.2749500274658203,257,0,E,Europe/London,airport,OurAirports,0.0025963542413366524
2006,Auckland International Airport,Auckland,New Zealand,AKL,NZAA,-37.0080986023,174.792007446,23,12,Z,Pacific/Auckland,airport,OurAirports,0.002593194287700115
3275,Soekarno-Hatta International Airport,Jakarta,Indonesia,CGK,WIII,-6.1255698204,106.65599823,34,7,N,Asia/Jakarta,airport,OurAirports,0.00257271075943988
737,Stockholm-Arlanda Airport,Stockholm,Sweden,ARN,ESSA,59.651901245117,17.918600082397,137,1,E,Europe/Stockholm,airport,OurAirports,0.0025471332025064734
3577,Seattle Tacoma International Airport,Seattle,United States,SEA,KSEA,47.449001,-122.308998,433,-8,A,America/Los_Angeles,airport,OurAirports,0.0025417717052043437
3858,Minneapolis-St Paul International/Wold-Chamberlain Airport,Minneapolis,United States,MSP,KMSP,44.882,-93.221802,841,-6,A,America/Chicago,airport,OurAirports,0.002512857433395962
2442,Jorge Newbery Airpark,Buenos Aires,Argentina,AEP,SABE,-34.5592,-58.4156,18,-3,N,America/Buenos_Aires,airport,OurAirports,0.0025071153734499414
2179,Abu Dhabi International Airport,Abu Dhabi,United Arab Emirates,AUH,OMAA,24.433000564575195,54.651100158691406,88,4,U,Asia/Dubai,airport,OurAirports,0.002426615597972584
2359,Tokyo Haneda International Airport,Tokyo,Japan,HND,RJTT,35.552299,139.779999,35,9,U,Asia/Tokyo,airport,OurAirports,0.00242511369284687
345,Düsseldorf Airport,Duesseldorf,Germany,DUS,EDDL,51.289501,6.76678,147,1,E,Europe/Berlin,airport,OurAirports,0.0023988682378730227
3494,Newark Liberty International Airport,Newark,United States,EWR,KEWR,40.692501068115234,-74.168701171875,18,-5,A,America/New_York,airport,OurAirports,0.0023915490715294943
2276,Taiwan Taoyuan International Airport,Taipei,Taiwan,TPE,RCTP,25.0777,121.233002,106,8,U,Asia/Taipei,airport,OurAirports,0.002367190682480321
3878,Orlando International Airport,Orlando,United States,MCO,KMCO,28.429399490356445,-81.30899810791016,96,-5,A,America/New_York,airport,OurAirports,0.0023568513857654913
3448,General Edward Lawrence Logan International Airport,Boston,United States,BOS,KBOS,42.36429977,-71.00520325,20,-5,A,America/New_York,airport,OurAirports,0.0023412460520408464
3998,Palma De Mallorca Airport,Palma de Mallorca,Spain,PMI,LEPA,39.551700592,2.73881006241,27,1,E,Europe/Madrid,airport,OurAirports,0.0023375239348999402
3339,Melbourne International Airport,Melbourne,Australia,MEL,YMML,-37.673302,144.843002,434,10,O,Australia/Hobart,airport,OurAirports,0.0023303708861621393
1386,Paris-Orly Airport,Paris,France,ORY,LFPO,48.7233333,2.3794444,291,1,E,Europe/Paris,airport,OurAirports,0.0023257371824711636
3382,Kunming Changshui International Airport,Kunming,China,KMG,ZPPP,25.1019444,102.9291667,6903,8,N,Asia/Shanghai,airport,OurAirports,0.00232286711062141
146,Montreal / Pierre Elliott Trudeau International Airport,Montreal,Canada,YUL,CYUL,45.4706001282,-73.7407989502,118,-5,A,America/Toronto,airport,OurAirports,0.002317412609585524
156,Vancouver International Airport,Vancouver,Canada,YVR,CYVR,49.193901062,-123.183998108,14,-8,A,America/Vancouver,airport,OurAirports,0.002310289943569995
3599,Bethel Airport,Bethel,United States,BET,PABE,60.77980042,-161.8379974,126,-9,A,America/Anchorage,airport,OurAirports,0.0022765068941528414
3645,Detroit Metropolitan Wayne County Airport,Detroit,United States,DTW,KDTW,42.212398529052734,-83.35340118408203,645,-5,A,America/New_York,airport,OurAirports,0.002273167028790608
3941,Eleftherios Venizelos International Airport,Athens,Greece,ATH,LGAV,37.9364013672,23.9444999695,308,2,E,Europe/Athens,airport,OurAirports,0.0022713234314810796
2072,King Abdulaziz International Airport,Jeddah,Saudi Arabia,JED,OEJN,21.6796,39.156502,48,3,U,Asia/Riyadh,airport,OurAirports,0.0022220568606520002
2789,Jorge Chávez International Airport,Lima,Peru,LIM,SPIM,-12.0219,-77.114305,113,-5,U,America/Lima,airport,OurAirports,0.002190016434253883
2948,Pulkovo Airport,St. Petersburg,Russia,LED,ULLI,59.80030059814453,30.262500762939453,78,3,N,Europe/Moscow,airport,OurAirports,0.0021836147179989944
3379,Xi'an Xianyang International Airport,Xi'an,China,XIY,ZLXY,34.447102,108.751999,1572,8,U,Asia/Shanghai,airport,OurAirports,0.002155809662071478
1638,Humberto Delgado Airport (Lisbon Portela Airport),Lisbon,Portugal,LIS,LPPT,38.7813,-9.13592,374,0,E,Europe/Lisbon,airport,OurAirports,0.0021458466562820446
1678,Zürich Airport,Zurich,Switzerland,ZRH,LSZH,47.464699,8.54917,1416,1,E,Europe/Zurich,airport,OurAirports,0.0021335337867068246
2985,Sheremetyevo International Airport,Moscow,Russia,SVO,UUEE,55.972599,37.4146,622,3,N,Europe/Moscow,airport,OurAirports,0.00213035758704924
609,Copenhagen Kastrup Airport,Copenhagen,Denmark,CPH,EKCH,55.617900848389,12.656000137329,17,1,E,Europe/Copenhagen,airport,OurAirports,0.002120151334416332
3533,Fort Lauderdale Hollywood International Airport,Fort Lauderdale,United States,FLL,KFLL,26.072599,-80.152702,9,-5,A,America/New_York,airport,OurAirports,0.0020840700004099936
644,Oslo Lufthavn,Oslo,Norway,OSL,ENGM,60.121,11.0502,681,1,E,Europe/Oslo,airport,OurAirports,0.002080840320079729
3393,Chongqing Jiangbei International Airport,Chongqing,China,CKG,ZUCK,29.719200134277344,106.64199829101562,1365,8,U,Asia/Shanghai,airport,OurAirports,0.0020736266584024587
3714,Washington Dulles International Airport,Washington,United States,IAD,KIAD,38.94449997,-77.45580292,312,-5,A,America/New_York,airport,OurAirports,0.0020504252192412786
4059,Jomo Kenyatta International Airport,Nairobi,Kenya,NBO,HKJK,-1.31923997402,36.9277992249,5330,3,N,Africa/Nairobi,airport,OurAirports,0.0020377309364565136
3832,Fairbanks International Airport,Fairbanks,United States,FAI,PAFA,64.81510162,-147.8560028,439,-9,A,America/Anchorage,airport,OurAirports,0.001977537948675659
421,Helsinki Vantaa Airport,Helsinki,Finland,HEL,EFHK,60.317199707031,24.963300704956,179,2,E,Europe/Helsinki,airport,OurAirports,0.0019461761116470306
11051,Hamad International Airport,Doha,Qatar,DOH,OTHH,25.273056,51.608056,13,3,N,\N,airport,OurAirports,0.0019156212259886997
2531,Presidente Juscelino Kubistschek International Airport,Brasilia,Brazil,BSB,SBBR,-15.86916732788086,-47.92083358764648,3497,-3,S,America/Sao_Paulo,airport,OurAirports,0.0018780363185735153
3386,Hangzhou Xiaoshan International Airport,Hangzhou,China,HGH,ZSHC,30.22949981689453,120.43399810791016,23,8,U,Asia/Shanghai,airport,OurAirports,0.001869655335997383
3520,Ronald Reagan Washington National Airport,Washington,United States,DCA,KDCA,38.8521,-77.037697,15,-5,A,America/New_York,airport,OurAirports,0.0018610635361735292
3536,Salt Lake City International Airport,Salt Lake City,United States,SLC,KSLC,40.78839874267578,-111.97799682617188,4227,-7,A,America/Denver,airport,OurAirports,0.0018151981379380831
3374,Shenzhen Bao'an International Airport,Shenzhen,China,SZX,ZGSZ,22.639299392700195,113.81099700927734,13,8,U,Asia/Shanghai,airport,OurAirports,0.0017964392645542294
2851,Simón Bolívar International Airport,Caracas,Venezuela,CCS,SVMI,10.601194,-66.991222,234,-4,U,America/Caracas,airport,OurAirports,0.001795983092835742
2131,Mehrabad International Airport,Teheran,Iran,THR,OIII,35.68920135498047,51.31340026855469,3962,3.5,E,Asia/Tehran,airport,OurAirports,0.0017910734705671874
3383,Xiamen Gaoqi International Airport,Xiamen,China,XMN,ZSAM,24.54400062561035,118.12799835205078,59,8,U,Asia/Shanghai,airport,OurAirports,0.0017827148988949178
351,Berlin-Tegel Airport,Berlin,Germany,TXL,EDDT,52.5597,13.2877,122,1,E,Europe/Berlin,airport,OurAirports,0.0017784707086700945
1107,Addis Ababa Bole International Airport,Addis Ababa,Ethiopia,ADD,HAAB,8.97789001465,38.7993011475,7630,3,U,Africa/Addis_Ababa,airport,OurAirports,0.0017744469436129522
599,Dublin Airport,Dublin,Ireland,DUB,EIDW,53.421299,-6.27007,242,0,E,Europe/Dublin,airport,OurAirports,0.0017697527822870703
3351,Perth International Airport,Perth,Australia,PER,YPPH,-31.94029998779297,115.96700286865234,67,8,N,Australia/Perth,airport,OurAirports,0.0017477135244572397
4075,Faa'a International Airport,Papeete,French Polynesia,PPT,NTAA,-17.553699,-149.606995,5,-10,U,Pacific/Tahiti,airport,OurAirports,0.0017423652214738734
2082,King Khaled International Airport,Riyadh,Saudi Arabia,RUH,OERK,24.957599639892575,46.69879913330078,2049,3,U,Asia/Riyadh,airport,OurAirports,0.0017299085364903715
1230,Málaga Airport,Malaga,Spain,AGP,LEMG,36.67490005493164,-4.499110221862793,53,1,E,Europe/Madrid,airport,OurAirports,0.0017060357652580482
5,Port Moresby Jacksons International Airport,Port Moresby,Papua New Guinea,POM,AYPY,-9.44338035583496,147.22000122070312,146,10,U,Pacific/Port_Moresby,airport,OurAirports,0.0016967583573992372
1128,Cairo International Airport,Cairo,Egypt,CAI,HECA,30.12190055847168,31.40559959411621,382,2,U,Africa/Cairo,airport,OurAirports,0.0016722893566177553
548,London Stansted Airport,London,United Kingdom,STN,EGSS,51.8849983215,0.234999999404,348,0,E,Europe/London,airport,OurAirports,0.001672090173683387
1524,Malpensa International Airport,Milano,Italy,MXP,LIMC,45.6306,8.72811,768,1,E,Europe/Rome,airport,OurAirports,0.0016705776961136788
4317,Sabiha Gökçen International Airport,Istanbul,Turkey,SAW,LTFJ,40.898601532,29.3092002869,312,3,E,Europe/Istanbul,airport,OurAirports,0.0016462482640291118
3391,Shanghai Hongqiao International Airport,Shanghai,China,SHA,ZSSS,31.197900772094727,121.33599853515624,10,8,U,Asia/Shanghai,airport,OurAirports,0.0016323140421379214
1852,Cancún International Airport,Cancun,Mexico,CUN,MMUN,21.036500930800003,-86.8770980835,22,-5,S,America/Cancun,airport,OurAirports,0.0015805770871127472
178,Calgary International Airport,Calgary,Canada,YYC,CYYC,51.113899231,-114.019996643,3557,-7,A,America/Edmonton,airport,OurAirports,0.0015803756884301553
3399,Ürümqi Diwopu International Airport,Urumqi,China,URC,ZWWW,43.90710067749024,87.47419738769531,2125,8,U,Asia/Shanghai,airport,OurAirports,0.0015520737320707633
1587,Václav Havel Airport Prague,Prague,Czech Republic,PRG,LKPR,50.1008,14.26,1247,1,E,Europe/Prague,airport,OurAirports,0.0015491345782135055
2650,Comodoro Arturo Merino Benítez International Airport,Santiago,Chile,SCL,SCEL,-33.393001556396484,-70.78579711914062,1555,-4,S,America/Santiago,airport,OurAirports,0.0015344618193821682
3940,Ngurah Rai (Bali) International Airport,Denpasar,Indonesia,DPS,WADD,-8.7481698989868,115.16699981689,14,8,N,Asia/Makassar,airport,OurAirports,0.0015069604657216937
3728,Daniel K Inouye International Airport,Honolulu,United States,HNL,PHNL,21.32062,-157.924228,13,-10,N,Pacific/Honolulu,airport,OurAirports,0.0015016455922827387
3697,La Guardia Airport,New York,United States,LGA,KLGA,40.77719879,-73.87259674,21,-5,A,America/New_York,airport,OurAirports,0.0015010536812526199
3205,Tan Son Nhat International Airport,Ho Chi Minh City,Vietnam,SGN,VVTS,10.8187999725,106.652000427,33,7,U,Asia/Saigon,airport,OurAirports,0.0014879985188495253
3992,Kansai International Airport,Osaka,Japan,KIX,RJBB,34.42729949951172,135.24400329589844,26,9,U,Asia/Tokyo,airport,OurAirports,0.001487607568747179
3390,Liuting Airport,Qingdao,China,TAO,ZSQD,36.2661018372,120.374000549,33,8,U,Asia/Shanghai,airport,OurAirports,0.001445855489634913
2560,Rio Galeão – Tom Jobim International Airport,Rio De Janeiro,Brazil,GIG,SBGL,-22.8099994659,-43.2505569458,28,-3,S,America/Sao_Paulo,airport,OurAirports,0.0014395704077022147
1074,Mohammed V International Airport,Casablanca,Morocco,CMN,GMMN,33.36750030517578,-7.589970111846924,656,0,N,Africa/Casablanca,airport,OurAirports,0.0014250671192291616
1212,Alicante International Airport,Alicante,Spain,ALC,LEAL,38.28219985961914,-0.5581560134887695,142,1,E,Europe/Madrid,airport,OurAirports,0.0014233097421679647
3371,Changsha Huanghua International Airport,Changcha,China,CSX,ZGHA,28.1891994476,113.220001221,217,8,U,Asia/Shanghai,airport,OurAirports,0.0014211272103463804
3849,Baltimore/Washington International Thurgood Marshall Airport,Baltimore,United States,BWI,KBWI,39.1754,-76.668297,146,-5,A,America/New_York,airport,OurAirports,0.0014115896300774158
3376,Wuhan Tianhe International Airport,Wuhan,China,WUH,ZHHH,30.7838,114.208,113,8,U,Asia/Shanghai,airport,OurAirports,0.0014106524392266714
1885,Juan Santamaria International Airport,San Jose,Costa Rica,SJO,MROC,9.993860244750977,-84.20880126953125,3021,-6,U,America/Costa_Rica,airport,OurAirports,0.0014007899792486654
1665,Geneva Cointrin International Airport,Geneva,Switzerland,GVA,LSGG,46.23809814453125,6.108950138092041,1411,1,E,Europe/Paris,airport,OurAirports,0.001387729085518225
3808,Ketchikan International Airport,Ketchikan,United States,KTN,PAKT,55.35559845,-131.7140045,89,-9,A,America/Anchorage,airport,OurAirports,0.0013849252931106791
4074,Honiara International Airport,Honiara,Solomon Islands,HIR,AGGH,-9.4280004501343,160.05499267578,28,11,U,Pacific/Guadalcanal,airport,OurAirports,0.001382019929309489
3157,Don Mueang International Airport,Bangkok,Thailand,DMK,VTBD,13.9125995636,100.607002258,9,7,U,Asia/Bangkok,airport,OurAirports,0.0013766122477152098
1871,Tocumen International Airport,Panama City,Panama,PTY,MPTO,9.0713596344,-79.3834991455,135,-5,U,America/Panama,airport,OurAirports,0.0013687363432532665
3492,Juneau International Airport,Juneau,United States,JNU,PAJN,58.35499954223633,-134.5760040283203,21,-9,A,America/Anchorage,airport,OurAirports,0.0013671918972831263
1335,Lyon Saint-Exupéry Airport,Lyon,France,LYS,LFLL,45.725556,5.081111,821,1,E,Europe/Paris,airport,OurAirports,0.0013511885565543119
2578,Viracopos International Airport,Campinas,Brazil,VCP,SBKP,-23.0074005127,-47.1344985962,2170,-3,S,America/Sao_Paulo,airport,OurAirports,0.001351025852245801
1054,Gran Canaria Airport,Gran Canaria,Spain,LPA,GCLP,27.931900024414062,-15.38659954071045,78,0,E,Atlantic/Canary,airport,OurAirports,0.001340628379809469
3240,Hasanuddin International Airport,Ujung Pandang,Indonesia,UPG,WAAA,-5.061629772186279,119.5540008544922,47,8,N,Asia/Makassar,airport,OurAirports,0.001332006061662094
1353,Marseille Provence Airport,Marseille,France,MRS,LFML,43.439271922,5.22142410278,74,1,E,Europe/Paris,airport,OurAirports,0.0013306412087831015
3720,Portland International Airport,Portland,United States,PDX,KPDX,45.58869934,-122.5979996,31,-8,A,America/Los_Angeles,airport,OurAirports,0.0013237101248396138
210,Houari Boumediene Airport,Algier,Algeria,ALG,DAAG,36.69100189208984,3.215409994125366,82,1,N,Africa/Algiers,airport,OurAirports,0.0013232357770743696
3747,Chicago Midway International Airport,Chicago,United States,MDW,KMDW,41.785999,-87.752403,620,-6,A,America/Chicago,airport,OurAirports,0.0013220248961371044
342,Hamburg Airport,Hamburg,Germany,HAM,EDDH,53.630401611328,9.9882297515869,53,1,E,Europe/Berlin,airport,OurAirports,0.001294554070354613
2176,Kuwait International Airport,Kuwait,Kuwait,KWI,OKBK,29.226600646972656,47.96889877319336,206,3,U,Asia/Kuwait,airport,OurAirports,0.0012912431044340724
3322,Cairns International Airport,Cairns,Australia,CNS,YBCS,-16.885799408,145.755004883,10,10,N,Australia/Brisbane,airport,OurAirports,0.0012850951609465007
2975,Koltsovo Airport,Yekaterinburg,Russia,SVX,USSS,56.743099212646,60.802700042725,764,5,N,Asia/Yekaterinburg,airport,OurAirports,0.0012847992742605304
3646,Tampa International Airport,Tampa,United States,TPA,KTPA,27.975500106811523,-82.533203125,26,-5,A,America/New_York,airport,OurAirports,0.0012822327922802272
3043,Netaji Subhash Chandra Bose International Airport,Kolkata,India,CCU,VECC,22.654699325561523,88.44670104980469,16,5.5,N,Asia/Calcutta,airport,OurAirports,0.001275479108271852
3375,Zhengzhou Xinzheng International Airport,Zhengzhou,China,CGO,ZHCC,34.519699096699995,113.841003418,495,8,U,Asia/Shanghai,airport,OurAirports,0.0012719956796793787
3678,St Louis Lambert International Airport,St. Louis,United States,STL,KSTL,38.748697,-90.370003,618,-6,A,America/Chicago,airport,OurAirports,0.0012716883825439464
1997,Bauerfield International Airport,Port-vila,Vanuatu,VLI,NVVV,-17.699300765991,168.32000732422,70,11,U,Pacific/Efate,airport,OurAirports,0.001270893958711683
1056,Tenerife South Airport,Tenerife,Spain,TFS,GCTS,28.044500351,-16.5725002289,209,0,E,Atlantic/Canary,airport,OurAirports,0.001265908986032673
1590,Ben Gurion International Airport,Tel-aviv,Israel,TLV,LLBG,32.01139831542969,34.88669967651367,135,2,E,Asia/Jerusalem,airport,OurAirports,0.0012607430531052738
4331,Mashhad International Airport,Mashhad,Iran,MHD,OIMM,36.235198974609375,59.64099884033203,3263,3.5,E,Asia/Tehran,airport,OurAirports,0.0012374103962130565
3693,Ralph Wien Memorial Airport,Kotzebue,United States,OTZ,PAOT,66.88469696,-162.598999,14,-9,A,America/Anchorage,airport,OurAirports,0.0012352329650551137
3024,Bandaranaike International Colombo Airport,Colombo,Sri Lanka,CMB,VCBI,7.180759906768799,79.88410186767578,30,5.5,U,Asia/Colombo,airport,OurAirports,0.0012162842665915284
1354,Nice-Côte d'Azur Airport,Nice,France,NCE,LFMN,43.6584014893,7.215869903560001,12,1,E,Europe/Paris,airport,OurAirports,0.001215613451788284
3388,Nanjing Lukou Airport,Nanjing,China,NKG,ZSNJ,31.742000579833984,118.86199951171876,49,8,U,Asia/Shanghai,airport,OurAirports,0.0012145674837468058
2890,Luis Munoz Marin International Airport,San Juan,Puerto Rico,SJU,TJSJ,18.4393997192,-66.0018005371,9,-4,U,America/Puerto_Rico,airport,OurAirports,0.0011981684385018356
2191,Sharjah International Airport,Sharjah,United Arab Emirates,SHJ,OMSJ,25.32859992980957,55.5172004699707,111,4,U,Asia/Dubai,airport,OurAirports,0.0011834117561608983
3731,San Diego International Airport,San Diego,United States,SAN,KSAN,32.7336006165,-117.190002441,17,-8,A,America/Los_Angeles,airport,OurAirports,0.0011789236062649546
3861,Louis Armstrong New Orleans International Airport,New Orleans,United States,MSY,KMSY,29.99340057373047,-90.25800323486328,4,-6,A,America/Chicago,airport,OurAirports,0.0011654583563120218
3144,Chennai International Airport,Madras,India,MAA,VOMM,12.990005493164062,80.16929626464844,52,5.5,N,Asia/Calcutta,airport,OurAirports,0.0011576941834885882
2194,Muscat International Airport,Muscat,Oman,MCT,OOMS,23.593299865722656,58.284400939941406,48,4,U,Asia/Muscat,airport,OurAirports,0.001155912152186101
2170,Queen Alia International Airport,Amman,Jordan,AMM,OJAI,31.7226009369,35.9931983948,2395,2,E,Asia/Amman,airport,OurAirports,0.0011557934483223539
3615,Nome Airport,Nome,United States,OME,PAOM,64.51219940185547,-165.44500732421875,37,-9,A,America/Anchorage,airport,OurAirports,0.0011534296372892306
3400,Taiping Airport,Harbin,China,HRB,ZYHB,45.6234016418457,126.25,457,8,U,Asia/Shanghai,airport,OurAirports,0.0011530472675795923
3988,Ministro Pistarini International Airport,Buenos Aires,Argentina,EZE,SAEZ,-34.8222,-58.5358,67,-3,N,America/Buenos_Aires,airport,OurAirports,0.00115201227508877
3341,Adelaide International Airport,Adelaide,Australia,ADL,YPAD,-34.945,138.531006,20,9.5,O,Australia/Adelaide,airport,OurAirports,0.0011511762642904128
49,Edmonton International Airport,Edmonton,Canada,YEG,CYEG,53.3097000122,-113.580001831,2373,-7,A,America/Edmonton,airport,OurAirports,0.0011474270386848998
1953,Lynden Pindling International Airport,Nassau,Bahamas,NAS,MYNN,25.0389995575,-77.46620178219999,16,-5,U,America/Nassau,airport,OurAirports,0.0011409994297995791
3404,Zhoushuizi Airport,Dalian,China,DLC,ZYTL,38.9656982421875,121.53900146484376,107,8,U,Asia/Shanghai,airport,OurAirports,0.0011361949775213502
3131,Kempegowda International Airport,Bangalore,India,BLR,VOBL,13.1979,77.706299,3000,5.5,N,Asia/Calcutta,airport,OurAirports,0.0011312097784068082
2988,Vnukovo International Airport,Moscow,Russia,VKO,UUWW,55.5914993286,37.2615013123,685,3,N,Europe/Moscow,airport,OurAirports,0.0011238462308024793
196,Yellowknife Airport,Yellowknife,Canada,YZF,CYZF,62.462799072265625,-114.44000244140624,675,-7,A,America/Edmonton,airport,OurAirports,0.0011101870614568575
350,Stuttgart Airport,Stuttgart,Germany,STR,EDDS,48.6898994446,9.22196006775,1276,1,E,Europe/Berlin,airport,OurAirports,0.0011100404206023245
469,Birmingham International Airport,Birmingham,United Kingdom,BHX,EGBB,52.4538993835,-1.74802994728,327,0,E,Europe/London,airport,OurAirports,0.0011086258233707752
344,Cologne Bonn Airport,Cologne,Germany,CGN,EDDK,50.8658981323,7.1427397728,302,1,E,Europe/Berlin,airport,OurAirports,0.001107066466802484
2621,Deputado Luiz Eduardo Magalhães International Airport,Salvador,Brazil,SSA,SBSV,-12.9086112976,-38.3224983215,64,-3,S,America/Fortaleza,airport,OurAirports,0.001105425849129839
3368,Tianjin Binhai International Airport,Tianjin,China,TSN,ZBTJ,39.1244010925,117.346000671,10,8,U,Asia/Shanghai,airport,OurAirports,0.0011051445502444465
1688,Antalya International Airport,Antalya,Turkey,AYT,LTAI,36.898701,30.800501,177,3,E,Europe/Istanbul,airport,OurAirports,0.0010928139983104482
1657,Henri Coandă International Airport,Bucharest,Romania,OTP,LROP,44.5711111,26.085,314,2,E,Europe/Bucharest,airport,OurAirports,0.001087492041402369
3199,Noi Bai International Airport,Hanoi,Vietnam,HAN,VVNB,21.221200942993164,105.80699920654295,39,7,U,Asia/Saigon,airport,OurAirports,0.0010846385170737076
4078,Tolmachevo Airport,Novosibirsk,Russia,OVB,UNNT,55.012599945068,82.650703430176,365,7,N,Asia/Krasnoyarsk,airport,OurAirports,0.0010844650193709456
4144,Taoxian Airport,Shenyang,China,SHE,ZYTX,41.63980102539063,123.48300170898438,198,8,U,Asia/Shanghai,airport,OurAirports,0.0010628912303845739
1960,Nadi International Airport,Nandi,Fiji,NAN,NFFN,-17.755399703979492,177.4429931640625,59,12,U,Pacific/Fiji,airport,OurAirports,0.0010484157845402355
2001,Nouméa Magenta Airport,Noumea,New Caledonia,GEA,NWWM,-22.25830078125,166.47300720214844,10,11,U,Pacific/Noumea,airport,OurAirports,0.0010481998243160552
535,Edinburgh Airport,Edinburgh,United Kingdom,EDI,EGPH,55.95000076293945,-3.372499942779541,135,0,E,Europe/London,airport,OurAirports,0.0010471310943134685
1551,Venice Marco Polo Airport,Venice,Italy,VCE,LIPZ,45.505299,12.3519,7,1,E,Europe/Rome,airport,OurAirports,0.0010419113695278785
3076,Hazrat Shahjalal International Airport,Dhaka,Bangladesh,DAC,VGZR,23.843347,90.397783,30,6,U,Asia/Dhaka,airport,OurAirports,0.0010410440177844767
951,Quatro de Fevereiro Airport,Luanda,Angola,LAD,FNLU,-8.85837,13.2312,243,1,N,Africa/Luanda,airport,OurAirports,0.0010391192853434132
679,Warsaw Chopin Airport,Warsaw,Poland,WAW,EPWA,52.1656990051,20.9671001434,362,1,E,Europe/Warsaw,airport,OurAirports,0.0010318583194444961
3394,Longdongbao Airport,Guiyang,China,KWE,ZUGY,26.53849983215332,106.8010025024414,3736,8,U,Asia/Shanghai,airport,OurAirports,0.0010230282372377859
2537,Tancredo Neves International Airport,Belo Horizonte,Brazil,CNF,SBCF,-19.62444305419922,-43.97194290161133,2715,-3,S,America/Sao_Paulo,airport,OurAirports,0.0010220259583955415
534,Glasgow International Airport,Glasgow,United Kingdom,GLA,EGPF,55.8718986511,-4.43306016922,26,0,E,Europe/London,airport,OurAirports,0.001021439970411175
1804,Don Miguel Hidalgo Y Costilla International Airport,Guadalajara,Mexico,GDL,MMGL,20.52179908752441,-103.31099700927734,5016,-6,S,America/Mexico_City,airport,OurAirports,0.0010119926960394706
169,Sioux Lookout Airport,Sioux Lookout,Canada,YXL,CYXL,50.11389923095703,-91.9052963256836,1258,-6,A,America/Winnipeg,airport,OurAirports,0.0010037841483756366
3928,Juanda International Airport,Surabaya,Indonesia,SUB,WARR,-7.379829883575439,112.78700256347656,9,7,N,Asia/Jakarta,airport,OurAirports,0.000997031212465938
4108,Yaoqiang Airport,Jinan,China,TNA,ZSJN,36.857200622558594,117.21600341796876,76,8,U,Asia/Shanghai,airport,OurAirports,0.00099682912420751
3385,Fuzhou Changle International Airport,Fuzhou,China,FOC,ZSFZ,25.93510055541992,119.66300201416016,46,8,U,Asia/Shanghai,airport,OurAirports,0.000994127903049477
287,Tunis Carthage International Airport,Tunis,Tunisia,TUN,DTTA,36.85100173950195,10.22719955444336,22,1,E,Africa/Tunis,airport,OurAirports,0.0009891797370446404
2287,New Chitose Airport,Sapporo,Japan,CTS,RJCC,42.77519989013672,141.69200134277344,82,9,U,Asia/Tokyo,airport,OurAirports,0.0009878778975327062
2939,Boryspil International Airport,Kiev,Ukraine,KBP,UKBB,50.345001220703125,30.894699096679688,427,2,E,Europe/Kiev,airport,OurAirports,0.0009875359630530454
1636,Francisco de Sá Carneiro Airport,Porto,Portugal,OPO,LPPR,41.2481002808,-8.68138980865,228,0,E,Europe/Lisbon,airport,OurAirports,0.0009808211356184362
1869,Marcos A. Gelabert International Airport,Panama,Panama,PAC,MPMG,8.973340034484863,-79.55560302734375,31,-5,U,America/Panama,airport,OurAirports,0.0009764245204743905
273,Murtala Muhammed International Airport,Lagos,Nigeria,LOS,DNMM,6.5773701667785645,3.321160078048706,135,1,N,Africa/Lagos,airport,OurAirports,0.0009744033152451986
3999,Darwin International Airport,Darwin,Australia,DRW,YPDN,-12.41469955444336,130.8769989013672,103,9.5,N,Australia/Darwin,airport,OurAirports,0.0009647553631433263
1606,Malta International Airport,Malta,Malta,MLA,LMML,35.857498,14.4775,300,1,E,Europe/Malta,airport,OurAirports,0.0009544961448514542
2064,King Fahd International Airport,Dammam,Saudi Arabia,DMM,OEDF,26.471200942993164,49.79790115356445,72,3,U,Asia/Riyadh,airport,OurAirports,0.0009494515809813166
2618,Congonhas Airport,Sao Paulo,Brazil,CGH,SBSP,-23.626110076904297,-46.65638732910156,2631,-3,S,America/Sao_Paulo,airport,OurAirports,0.000944811080505908
492,London Luton Airport,London,United Kingdom,LTN,EGGW,51.874698638916016,-0.3683330118656158,526,0,E,Europe/London,airport,OurAirports,0.0009438968642494482
2009,Christchurch International Airport,Christchurch,New Zealand,CHC,NZCH,-43.48939895629883,172.53199768066406,123,12,Z,Pacific/Auckland,airport,OurAirports,0.0009343023378816434
1509,Catania-Fontanarossa Airport,Catania,Italy,CTA,LICC,37.466801,15.0664,39,1,E,Europe/Rome,airport,OurAirports,0.0009292580513395148
2206,Jinnah International Airport,Karachi,Pakistan,KHI,OPKC,24.9065,67.160797,100,5,N,Asia/Karachi,airport,OurAirports,0.0009268016372507388
2305,Fukuoka Airport,Fukuoka,Japan,FUK,RJFF,33.585899353027344,130.4510040283203,32,9,U,Asia/Tokyo,airport,OurAirports,0.0009249586133370435
2042,Wellington International Airport,Wellington,New Zealand,WLG,NZWN,-41.3272018433,174.804992676,41,12,Z,Pacific/Auckland,airport,OurAirports,0.0009244250916266132
2599,Salgado Filho Airport,Porto Alegre,Brazil,POA,SBPA,-29.994400024414062,-51.1713981628418,11,-3,S,America/Sao_Paulo,airport,OurAirports,0.0009243721008002524
160,Winnipeg / James Armstrong Richardson International Airport,Winnipeg,Canada,YWG,CYWG,49.9099998474,-97.2398986816,783,-6,A,America/Winnipeg,airport,OurAirports,0.0009242272399640451
3486,Cleveland Hopkins International Airport,Cleveland,United States,CLE,KCLE,41.4117012024,-81.8498001099,791,-5,A,America/New_York,airport,OurAirports,0.0009228248339314528
1055,Lanzarote Airport,Arrecife,Spain,ACE,GCRR,28.945499,-13.6052,46,0,E,Atlantic/Canary,airport,OurAirports,0.0009196443058850815
5448,Upernavik Airport,Upernavik,Greenland,JUV,BGUK,72.7901992798,-56.1305999756,414,-3,E,America/Godthab,airport,OurAirports,0.0009100377407822461
2983,Tashkent International Airport,Tashkent,Uzbekistan,TAS,UTTT,41.257900238,69.2811965942,1417,5,U,Asia/Samarkand,airport,OurAirports,0.0009065518144471314
3953,Riga International Airport,Riga,Latvia,RIX,EVRA,56.92359924316406,23.971099853515625,36,2,E,Europe/Riga,airport,OurAirports,0.0009022370646392052
5967,Aniak Airport,Aniak,United States,ANI,PANI,61.58160018920898,-159.54299926757812,88,-9,A,America/Anchorage,airport,OurAirports,0.0008988556493856644
2057,Bahrain International Airport,Bahrain,Bahrain,BAH,OBBI,26.27079963684082,50.63359832763672,6,3,U,Asia/Bahrain,airport,OurAirports,0.0008987748354842291
1452,Heraklion International Nikos Kazantzakis Airport,Heraklion,Greece,HER,LGIR,35.3396987915,25.1802997589,115,2,E,Europe/Athens,airport,OurAirports,0.0008956876761124222
3942,Chubu Centrair International Airport,Nagoya,Japan,NGO,RJGG,34.8583984375,136.80499267578125,15,9,U,Asia/Tokyo,airport,OurAirports,0.0008884045519129955
1147,Nairobi Wilson Airport,Nairobi,Kenya,WIL,HKNW,-1.321720004081726,36.81480026245117,5536,3,U,Africa/Nairobi,airport,OurAirports,0.0008882346102857248
2688,Mariscal Sucre International Airport,Quito,Ecuador,UIO,SEQM,-0.129166666667,-78.3575,7841,-5,U,America/Guayaquil,airport,OurAirports,0.000878772984852494
2908,Almaty Airport,Alma-ata,Kazakhstan,ALA,UAAA,43.35210037231445,77.04049682617188,2234,6,U,Asia/Qyzylorda,airport,OurAirports,0.0008771111859972055
1626,Faro Airport,Faro,Portugal,FAO,LPFR,37.0144004822,-7.96590995789,24,0,E,Europe/Lisbon,airport,OurAirports,0.0008725713938549909
3125,Tribhuvan International Airport,Kathmandu,Nepal,KTM,VNKT,27.6966,85.3591,4390,5.75,N,Asia/Katmandu,airport,OurAirports,0.0008711720489663783
3373,Nanning Wuxu Airport,Nanning,China,NNG,ZGNN,22.608299255371094,108.1719970703125,421,8,U,Asia/Shanghai,airport,OurAirports,0.0008644571789619037
3239,Yangon International Airport,Yangon,Burma,RGN,VYYY,16.907300949099998,96.1332015991,109,6.5,U,Asia/Rangoon,airport,OurAirports,0.0008625969516236797
12087,Rajiv Gandhi International Airport,Hyderabad,India,HYD,VOHS,17.2313175201,78.4298553467,2024,5.5,N,\N,airport,OurAirports,0.0008617697389631067
1682,Esenboğa International Airport,Ankara,Turkey,ESB,LTAC,40.1281013489,32.995098114,3125,3,E,Europe/Istanbul,airport,OurAirports,0.0008599876188465607
2551,Eduardo Gomes International Airport,Manaus,Brazil,MAO,SBEG,-3.038609981536865,-60.04970169067383,264,-4,S,America/Boa_Vista,airport,OurAirports,0.0008595627175327891
2545,Afonso Pena Airport,Curitiba,Brazil,CWB,SBCT,-25.5284996033,-49.1758003235,2988,-3,S,America/Sao_Paulo,airport,OurAirports,0.0008565496202866482
2548,Marechal Rondon Airport,Cuiaba,Brazil,CGB,SBCY,-15.6528997421,-56.1166992188,617,-4,S,America/Campo_Grande,airport,OurAirports,0.0008448361079874073
490,Bristol Airport,Bristol,United Kingdom,BRS,EGGD,51.382702,-2.71909,622,0,E,Europe/London,airport,OurAirports,0.0008396416264006957
1084,Léopold Sédar Senghor International Airport,Dakar,Senegal,DKR,GOOY,14.739700317382812,-17.49020004272461,85,0,N,Africa/Dakar,airport,OurAirports,0.0008364955041092078
797,Cape Town International Airport,Cape Town,South Africa,CPT,FACT,-33.9648017883,18.6016998291,151,2,U,Africa/Johannesburg,airport,OurAirports,0.0008340242075643591
6341,Beijing Nanyuan Airport,Beijing,China,NAY,ZBNY,39.78279876708984,116.38800048828124,0,8,U,Asia/Shanghai,airport,OurAirports,0.0008323928369226099
1225,Ibiza Airport,Ibiza,Spain,IBZ,LEIB,38.8728981018,1.3731199502899998,24,1,E,Europe/Madrid,airport,OurAirports,0.0008315035550762208
3690,Nashville International Airport,Nashville,United States,BNA,KBNA,36.1245002746582,-86.6781997680664,599,-6,A,America/Chicago,airport,OurAirports,0.0008312190415543781
1825,General Mariano Escobedo International Airport,Monterrey,Mexico,MTY,MMMY,25.7784996033,-100.107002258,1278,-6,S,America/Mexico_City,airport,OurAirports,0.0008292913437851308
1197,Larnaca International Airport,Larnaca,Cyprus,LCA,LCLK,34.875099182128906,33.624900817871094,8,2,E,Asia/Nicosia,airport,OurAirports,0.0008270770737510267
248,Kotoka International Airport,Accra,Ghana,ACC,DGAA,5.605189800262451,-0.1667860001325607,205,0,N,Africa/Accra,airport,OurAirports,0.0008247909781982576
1489,Budapest Liszt Ferenc International Airport,Budapest,Hungary,BUD,LHBP,47.42976,19.261093,495,1,E,Europe/Budapest,airport,OurAirports,0.0008243538613243083
1273,Toulouse-Blagnac Airport,Toulouse,France,TLS,LFBO,43.629101,1.36382,499,1,E,Europe/Paris,airport,OurAirports,0.0008228078170140353
3369,Taiyuan Wusu Airport,Taiyuan,China,TYN,ZBYN,37.74689865112305,112.62799835205078,2575,8,U,Asia/Shanghai,airport,OurAirports,0.0008192523165962592
132,Rankin Inlet Airport,Rankin Inlet,Canada,YRT,CYRT,62.8114013672,-92.1157989502,94,-6,A,America/Winnipeg,airport,OurAirports,0.0008168099346175455
1525,Il Caravaggio International Airport,Bergamo,Italy,BGY,LIME,45.673901,9.70417,782,1,E,Europe/Rome,airport,OurAirports,0.0008120965177919673
4206,Mactan Cebu International Airport,Cebu,Philippines,CEB,RPVM,10.307499885559,123.97899627686,31,8,N,Asia/Manila,airport,OurAirports,0.0008065316214174164
3673,Austin Bergstrom International Airport,Austin,United States,AUS,KAUS,30.194499969482425,-97.6698989868164,542,-6,A,America/Chicago,airport,OurAirports,0.0008039804950133262
3794,King Salmon Airport,King Salmon,United States,AKN,PAKN,58.67679977,-156.6490021,73,-9,A,America/Anchorage,airport,OurAirports,0.0008015567522940893
523,East Midlands Airport,East Midlands,United Kingdom,EMA,EGNX,52.8311004639,-1.32806003094,306,0,E,Europe/London,airport,OurAirports,0.0008015100835625811
1472,Diagoras Airport,Rhodos,Greece,RHO,LGRP,36.405399322509766,28.086200714111328,17,2,E,Europe/Athens,airport,OurAirports,0.0008009851389171706
55,Iqaluit Airport,Iqaluit,Canada,YFB,CYFB,63.756402,-68.555801,110,-5,A,America/Toronto,airport,OurAirports,0.000799503774571194
3458,Kansas City International Airport,Kansas City,United States,MCI,KMCI,39.2976,-94.713898,1026,-6,A,America/Chicago,airport,OurAirports,0.0007894378447491169
4120,Haikou Meilan International Airport,Haikou,China,HAK,ZJHK,19.93490028381348,110.45899963378906,75,8,U,Asia/Shanghai,airport,OurAirports,0.0007888285606573958
4030,Sanya Phoenix International Airport,Sanya,China,SYX,ZJSY,18.30290031433105,109.41200256347656,92,8,U,Asia/Shanghai,airport,OurAirports,0.0007851736240792524
2923,Yakutsk Airport,Yakutsk,Russia,YKS,UEEE,62.093299865722656,129.77099609375,325,9,N,Asia/Yakutsk,airport,OurAirports,0.0007822395348507619
1418,Nantes Atlantique Airport,Nantes,France,NTE,LFRS,47.153198242200006,-1.61073005199,90,1,E,Europe/Paris,airport,OurAirports,0.0007813304796392552
3372,Guilin Liangjiang International Airport,Guilin,China,KWL,ZGKL,25.21809959411621,110.03900146484376,570,8,U,Asia/Shanghai,airport,OurAirports,0.0007807129612263572
636,Bergen Airport Flesland,Bergen,Norway,BGO,ENBR,60.29339981,5.218140125,170,1,E,Europe/Oslo,airport,OurAirports,0.0007805293104446087
304,Brussels South Charleroi Airport,Charleroi,Belgium,CRL,EBCI,50.459202,4.45382,614,1,E,Europe/Brussels,airport,OurAirports,0.0007801421082731807
1486,Thessaloniki Macedonia International Airport,Thessaloniki,Greece,SKG,LGTS,40.51969909667969,22.97089958190918,22,2,E,Europe/Athens,airport,OurAirports,0.000780140352338821
3626,Raleigh Durham International Airport,Raleigh-durham,United States,RDU,KRDU,35.87760162353516,-78.7874984741211,435,-5,A,America/New_York,airport,OurAirports,0.0007794754795918603
260,Nnamdi Azikiwe International Airport,Abuja,Nigeria,ABV,DNAA,9.006790161132812,7.263169765472412,1123,1,N,Africa/Lagos,airport,OurAirports,0.0007786003722155269
8628,Uummannaq Heliport,Uummannaq,Greenland,UMD,BGUM,70.6804279261,-52.1116304398,50,-3,E,America/Godthab,airport,OurAirports,0.000777332177201953
6345,Baita International Airport,Hohhot,China,HET,ZBHH,40.851398,111.823997,3556,8,U,Asia/Shanghai,airport,OurAirports,0.000770775966498586
1739,Belgrade Nikola Tesla Airport,Belgrade,Serbia,BEG,LYBE,44.8184013367,20.3090991974,335,1,E,Europe/Belgrade,airport,OurAirports,0.0007695487068047656
2074,Prince Mohammad Bin Abdulaziz Airport,Madinah,Saudi Arabia,MED,OEMA,24.5534,39.705101,2151,3,U,Asia/Riyadh,airport,OurAirports,0.0007682467682460256
2372,Gimhae International Airport,Busan,South Korea,PUS,RKPK,35.1795005798,128.93800354,6,9,U,Asia/Seoul,airport,OurAirports,0.0007620212724968807
3269,Kota Kinabalu International Airport,Kota Kinabalu,Malaysia,BKI,WBKK,5.9372100830078125,116.0510025024414,10,8,N,Asia/Kuala_Lumpur,airport,OurAirports,0.0007614869198477239
907,Kenneth Kaunda International Airport Lusaka,Lusaka,Zambia,LUN,FLLS,-15.3308000565,28.4526004791,3779,2,U,Africa/Lusaka,airport,OurAirports,0.0007611018965322358
4167,Orlando Sanford International Airport,Sanford,United States,SFB,KSFB,28.7775993347168,-81.23750305175781,55,-5,A,America/New_York,airport,OurAirports,0.0007607642041234621
1020,Ndjili International Airport,Kinshasa,Congo (Kinshasa),FIH,FZAA,-4.38575,15.4446,1027,1,N,Africa/Kinshasa,airport,OurAirports,0.0007569412709936481
1423,EuroAirport Basel-Mulhouse-Freiburg Airport,Mulhouse,France,BSL,LFSB,47.59,7.5291667,885,1,E,Europe/Paris,airport,OurAirports,0.0007562962477713384
13760,New Islamabad International Airport,Islamabad,Pakistan,ISB,OPIS,33.560713,72.851613,1646,5,U,\N,airport,OurAirports,0.0007560720947497203
1051,Fuerteventura Airport,Fuerteventura,Spain,FUE,GCFV,28.452699661254883,-13.863800048828123,85,0,E,Atlantic/Canary,airport,OurAirports,0.0007555354730411854
2157,Shiraz Shahid Dastghaib International Airport,Shiraz,Iran,SYZ,OISS,29.53919982910156,52.58980178833008,4920,3.5,E,Asia/Tehran,airport,OurAirports,0.0007534830340184256
2937,Irkutsk Airport,Irkutsk,Russia,IKT,UIII,52.268001556396,104.38899993896,1675,8,N,Asia/Irkutsk,airport,OurAirports,0.0007469600464763996
3488,Cincinnati Northern Kentucky International Airport,Cincinnati,United States,CVG,KCVG,39.0488014221,-84.6678009033,896,-5,A,America/New_York,airport,OurAirports,0.0007469527444965728
1538,Bologna Guglielmo Marconi Airport,Bologna,Italy,BLQ,LIPE,44.5354,11.2887,123,1,E,Europe/Rome,airport,OurAirports,0.0007419434629251494
2762,El Alto International Airport,La Paz,Bolivia,LPB,SLLP,-16.5132999420166,-68.19229888916016,13355,-4,U,America/La_Paz,airport,OurAirports,0.0007395522717541518
897,Douala International Airport,Douala,Cameroon,DLA,FKKD,4.0060801506,9.71947956085,33,1,N,Africa/Douala,airport,OurAirports,0.0007376571650246211
3179,Phuket International Airport,Phuket,Thailand,HKT,VTSP,8.1132,98.316902,82,7,U,Asia/Bangkok,airport,OurAirports,0.0007370718652835635
73,Halifax / Stanfield International Airport,Halifax,Canada,YHZ,CYHZ,44.8807983398,-63.5085983276,477,-4,A,America/Halifax,airport,OurAirports,0.0007300733135452787
2673,José Joaquín de Olmedo International Airport,Guayaquil,Ecuador,GYE,SEGU,-2.15741991997,-79.88359832760001,19,-5,U,America/Guayaquil,airport,OurAirports,0.0007274832031065234
2370,Jeju International Airport,Cheju,South Korea,CJU,RKPC,33.51129913330078,126.49299621582033,118,9,U,Asia/Seoul,airport,OurAirports,0.0007214327737028464
1760,Punta Cana International Airport,Punta Cana,Dominican Republic,PUJ,MDPC,18.5673999786,-68.36340332030001,47,-4,U,America/Santo_Domingo,airport,OurAirports,0.0007212872258799723
2384,Naha Airport,Okinawa,Japan,OKA,ROAH,26.1958007812,127.646003723,12,9,N,Asia/Tokyo,airport,OurAirports,0.0007165629678492417
2526,Val de Cans/Júlio Cezar Ribeiro International Airport,Belem,Brazil,BEL,SBBE,-1.3792500495900002,-48.4762992859,54,-3,S,America/Belem,airport,OurAirports,0.0007151791545066957
5442,Qaqortoq Heliport,Qaqortoq,Greenland,JJU,BGJH,60.7156841553,-46.0299186409,53,-3,E,America/Godthab,airport,OurAirports,0.0007137726384376117
2910,Astana International Airport,Tselinograd,Kazakhstan,TSE,UACC,51.02220153808594,71.46690368652344,1165,6,U,Asia/Qyzylorda,airport,OurAirports,0.0007104713564820866
2899,Princess Juliana International Airport,Philipsburg,Netherlands Antilles,SXM,TNCM,18.0410003662,-63.1088981628,13,-4,U,America/Curacao,airport,OurAirports,0.0007092377237262103
3566,William P Hobby Airport,Houston,United States,HOU,KHOU,29.64539909,-95.27890015,46,-6,A,America/Chicago,airport,OurAirports,0.0006950670323375449
3570,Pittsburgh International Airport,Pittsburgh,United States,PIT,KPIT,40.49150085,-80.23290253,1203,-5,A,America/New_York,airport,OurAirports,0.0006947637002765018
337,Berlin-Schönefeld Airport,Berlin,Germany,SXF,EDDB,52.380001,13.5225,157,1,E,Europe/Berlin,airport,OurAirports,0.0006938354205767462
663,"Tromsø Airport,",Tromso,Norway,TOS,ENTC,69.68329620361328,18.91889953613281,31,1,E,Europe/Oslo,airport,OurAirports,0.0006896663750151006
