source,destination,weight
ORD,ATL,20
ATL,ORD,19
HKT,BKK,13
ORD,MSY,13
JFK,LHR,12
HKG,BKK,12
DOH,BAH,12
LHR,JFK,12
CAN,HGH,12
MIA,ATL,12
BKK,HKG,12
ATL,MIA,12
AUH,MCT,12
SFO,ATL,11
LAX,LHR,11
MSY,JFK,11
CDG,JFK,11
ATL,DFW,11
KGL,EBB,11
SYD,AKL,11
LHR,LAX,11
JFK,CDG,11
JFK,MSY,11
DEN,ATL,11
MCT,AUH,11
HRE,LUN,11
CNX,BKK,11
ATL,DEN,11
KMG,JHG,10
XIY,CKG,10
SIN,KUL,10
NRT,TPE,10
SIN,CGK,10
AKL,SYD,10
ICN,HKG,10
TPE,NRT,10
ICN,BKK,10
HGH,CAN,10
BKK,ICN,10
BKK,SIN,10
JFK,MXP,10
CGO,HGH,10
CGK,KUL,10
MLE,CMB,10
CMB,MLE,10
SIN,DPS,10
HGH,CGO,10
KUL,CGK,10
LHR,SFO,10
BKK,CNX,10
BKK,HKT,10
CKG,XIY,10
HGH,DLC,10
DPS,SIN,10
DLC,HGH,10
DFW,ATL,10
HKG,ICN,10
MXP,JFK,10
BAH,DOH,10
CGK,SIN,10
ORD,CDG,10
SFO,LHR,10
NRT,ICN,10
CDG,ORD,10
JHG,KMG,10
KUL,SIN,10
ICN,NRT,10
ATL,JFK,10
ATL,LAX,10
ATL,PHL,9
ATL,PHX,9
ATL,CUN,9
KUL,BKK,9
MAD,JFK,9
SHE,TAO,9
PHL,ATL,9
LHR,BOS,9
LAX,ATL,9
ATL,IND,9
ATL,RDU,9
RDU,ATL,9
FRA,DFW,9
TAO,SHE,9
ACE,LGW,9
CKG,KMG,9
LHW,URC,9
HGH,TAO,9
PHX,ATL,9
LAX,NRT,9
ORD,LHR,9
CPT,JNB,9
CNS,BNE,9
XNN,XIY,9
TAO,HGH,9
JNB,CPT,9
XMN,NKG,9
XIY,XNN,9
XIY,URC,9
SIN,BKK,9
JFK,MAD,9
SIN,PER,9
IAH,ATL,9
KMG,CTU,9
JAX,ATL,9
URC,CGO,9
URC,KHG,9
SIN,BNE,9
SIN,SYD,9
URC,XIY,9
LGW,ACE,9
KMG,CKG,9
LAS,LAX,9
BOS,LHR,9
IAD,ATL,9
IND,ATL,9
CGO,URC,9
ATL,IAD,9
ATL,JAX,9
ATL,IAH,9
PER,SIN,9
BKK,KUL,9
KHG,URC,9
ATL,MSY,9
CDG,MIA,9
ATL,SFO,9
LAX,MSY,9
MSY,LAX,9
SYD,SIN,9
LHR,ORD,9
DUB,JFK,9
BCN,JFK,9
HGH,CTU,9
CTU,KMG,9
JFK,BCN,9
JFK,DUB,9
HNL,LAX,9
LAX,LAS,9
DFW,FRA,9
SJC,LAX,9
CUN,ATL,9
CTU,HGH,9
MSY,ATL,9
BNE,SIN,9
TPE,PVG,8
DLC,TSN,8
FOC,NKG,8
ACC,ABJ,8
CKG,LXA,8
WUH,XMN,8
WUH,KMG,8
DUS,ORD,8
CKG,CAN,8
LIS,AMS,8
FLL,ATL,8
XIY,CTU,8
XIY,KMG,8
XIY,KWE,8
NRT,BKK,8
NRT,LAX,8
ATL,FLL,8
BNE,AKL,8
LIS,BRU,8
HGH,PEK,8
HKG,SIN,8
LAX,OGG,8
XMN,KMG,8
MEL,AKL,8
CEI,BKK,8
ORD,DUS,8
UIO,GYE,8
XIY,PVG,8
LXA,CKG,8
ATL,MSP,8
ATL,BOS,8
LAX,JFK,8
CSX,KMG,8
COO,ABJ,8
NIM,OUA,8
BRU,LIS,8
KMG,CSX,8
DKR,CKY,8
KIX,TPE,8
CAN,CKG,8
TPE,KIX,8
LHR,EWR,8
CMH,ATL,8
MAD,FRA,8
ATL,MCO,8
ATL,MCI,8
ATL,DTW,8
PMI,MAN,8
LHR,IAD,8
CLT,ATL,8
TSN,DLC,8
TPA,ATL,8
MEX,MIA,8
MEX,ATL,8
BNE,CNS,8
HGH,KMG,8
HGH,SYX,8
TSN,HRB,8
RSW,ATL,8
CSX,XMN,8
BAH,AUH,8
FRA,JFK,8
FRA,MAD,8
PBI,ATL,8
STL,ATL,8
MIA,LHR,8
CKY,DKR,8
CDG,TLS,8
CTU,TNA,8
JFK,LAS,8
BKK,NRT,8
HGH,KWL,8
JFK,LAX,8
XMN,CSX,8
EWR,LHR,8
MSY,ORD,8
KWL,HGH,8
ATL,STL,8
ATL,SAN,8
ATL,RSW,8
KBV,BKK,8
SYX,HGH,8
SZX,HGH,8
ATL,LGA,8
TFS,LGW,8
ATL,PBI,8
AUH,BAH,8
SUB,SIN,8
DTW,ATL,8
KWE,XIY,8
NRT,SIN,8
ATL,CLT,8
ATL,LHR,8
ATL,CMH,8
IAD,LHR,8
SAN,ATL,8
CTU,XIY,8
MCO,ATL,8
PVG,XIY,8
SIN,NRT,8
NKG,XMN,8
PEK,HGH,8
PEK,INC,8
SJU,ATL,8
URC,LHW,8
BKK,KBV,8
NKG,KMG,8
KMG,XMN,8
LAS,JFK,8
KMG,NKG,8
KMG,WUH,8
KMG,HGH,8
BKK,CEI,8
SEA,LHR,8
LHR,ATL,8
MRS,CDG,8
LHR,SEA,8
LGW,TFS,8
NKG,FOC,8
KMG,XIY,8
MCI,ATL,8
SIN,HKG,8
HRB,TSN,8
AMS,LIS,8
MIA,CDG,8
PVG,TPE,8
MAN,PMI,8
MAN,TFS,8
JFK,FRA,8
CHC,SYD,7
JZH,CTU,7
HFE,XMN,7
ICN,SFO,7
LHR,MIA,7
KWE,KMG,7
KIX,ICN,7
ATL,CHS,7
ATL,OKC,7
MAA,SIN,7
ICN,TPE,7
SHA,CAN,7
SHA,CKG,7
SHA,CTU,7
SHA,PEK,7
SHA,TSN,7
SHA,SZX,7
KMG,KWE,7
PVG,HKG,7
HRB,TNA,7
AKL,MEL,7
AMS,AUH,7
LGW,LCA,7
KMG,CGO,7
AKL,BNE,7
BOM,COK,7
DCA,ATL,7
CEB,ICN,7
KMG,PVG,7
PVG,CTU,7
PVG,DLC,7
PVG,CKG,7
MAN,PFO,7
LGW,MCO,7
BOM,MAA,7
SYD,CHC,7
PVG,KIX,7
PVG,KWL,7
SIN,TPE,7
SIN,MAA,7
FCO,PRG,7
BOS,ATL,7
JFK,YYZ,7
JFK,ATL,7
PEK,SHA,7
LAS,ATL,7
TNA,XIY,7
CGO,HRB,7
CGO,KMG,7
CTU,SHA,7
CTU,PVG,7
HRB,CGO,7
CGO,KWE,7
FNA,ROB,7
MIA,MEX,7
CTU,SZX,7
LHE,AUH,7
SMF,LAX,7
MAN,ACE,7
SIN,SUB,7
SIN,MEL,7
EWR,ATL,7
LGA,ATL,7
MEM,ATL,7
BOS,LAX,7
MCO,LGW,7
JFK,SFO,7
DUB,ORD,7
FCO,JFK,7
NNG,WUH,7
HGH,SHE,7
HGH,SJW,7
AUS,ATL,7
SZX,SHA,7
SYD,MEL,7
HAK,HGH,7
KWL,PVG,7
SZX,CTU,7
HNL,NRT,7
TNA,CTU,7
TNA,HRB,7
TSN,CKG,7
EZE,GRU,7
TSN,SHA,7
TSN,XIY,7
CGK,DPS,7
HGH,SZX,7
HGH,HKG,7
SLC,LAX,7
CTU,WUH,7
CTU,JZH,7
HGH,HAK,7
ABJ,ACC,7
JFK,FCO,7
LUN,HRE,7
LAX,PVG,7
LAX,HNL,7
LAX,MEX,7
SFO,ICN,7
CKG,TSN,7
CKG,SHA,7
CKG,XNN,7
MEX,LAX,7
FCO,ORD,7
LAX,BOS,7
LAX,DEN,7
LAX,GDL,7
DLC,PVG,7
NSI,DLA,7
LJG,CKG,7
LJG,KMG,7
ATL,CVG,7
HGH,XIY,7
LCA,LGW,7
CKG,LJG,7
ACE,MAN,7
WUH,CTU,7
OUA,ABJ,7
OUA,NIM,7
ABJ,OUA,7
PIT,ATL,7
BDL,ATL,7
HKG,PVG,7
WUH,NNG,7
JED,HBE,7
CSX,XIY,7
LAX,SFO,7
ATL,BNA,7
ORD,DUB,7
ORD,FCO,7
SFO,LAX,7
SFO,JFK,7
CKG,PVG,7
XNN,CKG,7
TAO,XIY,7
HKG,HGH,7
XIY,TAO,7
MSP,LAX,7
GDL,LAX,7
FUK,ICN,7
ORF,ATL,7
SHE,HGH,7
SJW,HGH,7
OGG,LAX,7
DPS,CGK,7
PHX,DEN,7
ATL,EWR,7
ATL,BWI,7
NRT,HNL,7
MAA,BOM,7
XIY,KWL,7
XIY,TNA,7
HBE,JED,7
MEL,SYD,7
MEL,SIN,7
XMN,XIY,7
LHR,YYZ,7
XIY,CSX,7
XIY,TSN,7
ATL,TPA,7
INC,PEK,7
PRG,FCO,7
ATL,ORF,7
ATL,SAT,7
ATL,SJU,7
MKE,ATL,7
KWE,CGO,7
ICN,CEB,7
XMN,HFE,7
LHR,LIS,7
YYZ,YUL,7
KGL,NBO,7
KGL,BJM,7
ATL,PIT,7
AUH,LHE,7
AUH,AMS,7
ATL,DCA,7
LAX,ORD,7
RIC,ATL,7
XIY,XMN,7
ICN,KIX,7
CVG,ATL,7
SAT,ATL,7
MSP,ATL,7
CAN,SHA,7
XIY,HGH,7
GRU,EZE,7
TFS,MAN,7
KIX,PVG,7
ICN,FUK,7
XMN,WUH,7
ATL,LAS,7
ATL,RIC,7
COK,BOM,7
ATL,AUS,7
ATL,BDL,7
ATL,MEM,7
ATL,MEX,7
LHR,DFW,7
DEN,LAX,7
BWI,ATL,7
TPE,SIN,7
TPE,ICN,7
DEN,PHX,7
MNL,TPE,6
SHA,TSA,6
SHA,XMN,6
SHA,URC,6
SHA,TAO,6
MNL,ICN,6
MNL,KLO,6
MAD,OPO,6
SEA,DEN,6
SEA,ATL,6
KWE,HGH,6
KWE,CTU,6
LHR,ARN,6
ICN,TAO,6
ICN,NGO,6
DEL,AMD,6
AUH,ISB,6
ATL,SLC,6
ATL,SEA,6
ATL,SDF,6
ATL,SAV,6
PNQ,DEL,6
KWI,DMM,6
DMM,KWI,6
